Cycles, Default, Student 
10,0.107806,0.0311619
20,0.235118,0.0659748
30,0.323751,0.0986977
40,0.433059,0.125047
50,0.530945,0.16325
60,0.655793,0.190843
70,0.75386,0.219424
80,0.869954,0.248945
90,0.960242,0.274066
100,1.06925,0.316958
