Cycles, Default, Student 
25,0.285139,0.0788945
50,0.570283,0.162289
75,0.882061,0.247844
100,1.11328,0.314665
125,1.41144,0.403592
150,1.67207,0.484527
150,1.69933,0.473306
175,1.9068,0.541342
200,2.1691,0.623956
225,2.411,0.702436
250,2.7156,0.790469
