Cycles, Default, Student 
5,0.0711942,0.0147523
10,0.109603,0.0301407
15,0.155237,0.0446803
20,0.209851,0.0582643
25,0.275406,0.0755018
30,0.324032,0.093569
35,0.380613,0.110455
40,0.437505,0.121914
45,0.486853,0.142214
50,0.542646,0.157298
