Cycles, Default, Student 
20,0.231021,0.0627158
40,0.448332,0.130501
60,0.679356,0.205471
80,0.94898,0.256977
100,1.1609,0.313274
120,1.36133,0.378878
140,1.57819,0.437685
160,1.80965,0.509288
180,2.06759,0.58078
200,2.25535,0.648485
