Cycles, Default, Student 
15,0.158452,0.0466589
30,0.32474,0.0924052
45,0.476703,0.142003
60,0.69115,0.193031
75,0.822616,0.23665
90,0.981854,0.287708
105,1.18309,0.334434
120,1.3494,0.381192
135,1.54517,0.438379
150,1.67576,0.487798
