Cycles, Default, Student 
25,5.68612,5.69274
50,17.0211,11.3878
75,28.3328,16.9763
100,39.5432,22.5409
125,50.7934,28.2563
150,62.2665,33.8184
175,73.4179,39.4691
200,84.8043,45.286
225,52.8792,48.8059
250,103.166,54.1173
