Cycles, Default, Student 
15,3.84335,3.59333
30,10.8149,7.21848
45,18.0076,10.5595
60,23.6423,13.1194
75,29.5427,16.3159
90,36.0185,19.6095
105,42.5333,22.7995
120,48.978,26.1777
135,33.9778,31.2018
150,65.0045,33.8508
