Cycles, Default, Student 
20,5.21178,5.03205
40,15.1774,9.89142
60,15.2737,14.9629
80,34.2377,18.1686
100,40.9765,22.6737
120,49.8665,27.2289
140,59.0522,31.9003
160,68.3714,37.2653
180,79.7631,40.63
200,49.4217,45.1539
