Cycles, Default, Student 
5,1.43322,1.28974
10,3.74853,2.40293
15,5.97744,3.58336
20,8.36134,4.75181
25,10.7435,5.96316
30,12.9383,6.50001
35,14.0908,7.56266
40,16.2728,8.61289
45,18.3604,9.73837
50,20.4859,10.8112
