Cycles, Default, Student 
10,2.57258,2.38643
20,7.18996,4.77385
30,11.9202,7.17161
40,16.7386,8.85176
50,19.756,10.8701
60,23.9371,13.0249
70,28.3192,15.23
80,32.6713,17.4044
90,37.0472,19.6006
100,41.3547,21.8105
