Cycles, Default, Student 
2,0.49023,0.486438
4,1.46372,0.971297
6,2.41304,1.44663
8,3.35046,1.90472
10,4.29614,2.38098
12,4.96957,2.57527
14,5.62189,3.01185
16,6.45708,3.43615
18,7.31803,3.86283
20,8.18617,4.29385
