Cycles, Default, Student 
1,0.283699,0.266573
2,0.798448,0.483692
3,1.20977,0.724057
4,1.68106,0.955243
5,2.17316,1.21652
6,2.65728,1.45776
7,3.16384,1.72546
8,3.68561,1.91692
9,4.08191,2.16381
10,4.5525,2.37802
