Cycles, Default, Student ,,
5,1.35938,1.21105,0.14833,0.029666
10,3.64959,2.39271,1.25688,0.125688
15,6.02657,3.56065,2.46592,0.164394667
20,8.35968,4.73761,3.62207,0.1811035
25,10.7423,5.97925,4.76305,0.190522
30,13.0089,6.55559,6.45331,0.215110333
35,14.1881,7.64597,6.54213,0.186918
40,16.4237,8.75441,7.66929,0.19173225
45,18.5655,9.8177,8.7478,0.194395556
50,20.7233,10.9216,9.8017,0.196034
