Cycles, Default, Student 
3,0.654882,0.651963
6,1.93275,1.28438
9,3.30515,2.17059
12,4.92746,2.66263
15,5.91288,3.2276
18,7.13719,3.90181
21,8.44605,4.55403
24,9.75237,5.16415
27,10.9983,5.86322
30,12.3961,6.49148
