Cycles, Default, Student 
5,1.35938,1.21105
10,3.64959,2.39271
15,6.02657,3.56065
20,8.35968,4.73761
25,10.7423,5.97925
30,13.0089,6.55559
35,14.1881,7.64597
40,16.4237,8.75441
45,18.5655,9.8177
50,20.7233,10.9216
